,Quadratic_T (RF),Quadratic_T (GB),HDD_CDD (RF),HDD_CDD (GB)
MAE (MW),981.533647054331,913.1586867659361,976.3459386462303,982.2546646491891
RMSE (MW),1229.523087862724,1259.2166728601712,1218.4987056223815,1370.491459605913
R^2,0.5323991281498391,0.5095408214060616,0.5407469174384318,0.41902880174204515
MAPE (%),3.896017509379194,3.6067700693432645,3.872441946957982,3.8856061377351057
