,Quadratic_T (OLS),HDD_CDD (OLS)
MAE (MW),1251.1066101711197,894.6630873367801
RMSE (MW),1549.708882489654,1261.0819350308466
R^2,0.25714819961422364,0.5080867229356308
MAPE (%),4.971795143075778,3.5317802900901927
