,Quadratic_T (OLS),HDD_CDD (OLS)
intercept,22782.54908391906,18681.67500386234
temp_today,-391.79273939221093,
temp_today_sq,13.486682867930245,
temp_tom_fc,-601.856532252535,
temp_tom_fc_sq,23.51183238303221,
is_weekend,-1371.624769533093,-1257.206875252025
load_yday,0.37667803707273606,0.24611054063637994
CDD_today,,390.2813325578386
HDD_today,,276.5629877842639
CDD_tom_fc,,645.4359505626853
HDD_tom_fc,,458.285984340357
