,Quadratic_T (Ridge),Quadratic_T (Lasso)
temp_today,-2188.797149443074,-3538.903572894553
temp_today_sq,1672.4151904849348,3033.1553471648035
temp_tom_fc,-2790.3386973029674,-5667.16450490512
temp_tom_fc_sq,2896.543599044099,5563.020087924625
is_weekend,-654.4264511929435,-615.1029951487627
load_yday,2589.4182085301536,1785.1435989858178
