,HDD_CDD (Ridge),HDD_CDD (Lasso)
MAE (MW),914.8299584832741,897.2811067555691
RMSE (MW),1268.9666011055301,1258.0573955180566
R^2,0.501916311922231,0.5104434722350802
MAPE (%),3.618007626464658,3.5453518104264927
