,Quadratic_T (Ridge),Quadratic_T (Lasso)
MAE (MW),1464.7185685182756,1263.5393813226679
RMSE (MW),1740.323629014322,1559.1287625187433
R^2,0.06316745540779234,0.24808992777970307
MAPE (%),5.834605817375073,5.024487777005617
