,HDD_CDD (Ridge),HDD_CDD (Lasso)
CDD_today,1076.9868002247765,1106.3550482621577
HDD_today,1467.1126852384036,1458.6873555996945
CDD_tom_fc,1790.2023479560348,1870.0264016117515
HDD_tom_fc,2318.989024165602,2465.339132158743
is_weekend,-563.1828822588433,-558.4175631574609
load_yday,1195.1171482781701,1117.2613832330737
